Amazon.com Gift Card in a Birthday Pop-Up Box	https://amzn.to/4oAG05c	81I--eZ9rYL._SL1500_
Amazon.com Gift Card in a Mini Envelope (Christmas)	https://amzn.to/49YPofy	71rjBVlWifL._SL1291_
Chanel: Collections and Creations	https://amzn.to/3XyTVOr	81atzgwMteL._SL1500_
Echo Dot with Legrand Radiant Smart Plug	https://amzn.to/4iF8c5z	819IlnMybQL._AC_SL1500_
Kate Blanc Cosmetics Castor Oil Organic for Hair, Lashes, Face	https://amzn.to/3KEcQV3	61ykezZRbWL._SL1500_
Roku Streaming Stick 4K - HDR & Dolby Vision Roku Streaming Device for TV with Voice Remote & Long-Range Wi-Fi - Free & Live TV	https://amzn.to/4iC90rY	81xr+BrYBwL._AC_SL1500_
Apple AirPods Pro (2nd generation) with MagSafe Charging Case (USB-C) (Renewed)	https://amzn.to/4oE0yKq	61SUj2aKoEL._AC_SL1500_
Amazon Kindle Paperwhite 16GB (newest model) – Our fastest Kindle ever, with new 7' glare-free display, and weeks of battery life – Without lockscreen ads – Black	https://amzn.to/3MhpM3K	61SUj2aKoEL._AC_SL1500_
UGREEN Power Bank 25,000mAh 145W Laptop Portable Charger, Nexode 3-Port USB C PD Battery Pack, for MacBook Pro/Air, Dell XPS, iPhone 17/16/15/14, Galaxy S24, Steam Deck, iPad, and More	https://amzn.to/3KfffWd	61L-mHU13oL._AC_SL1500_
Crock-Pot MultiMeal Multicooker and Programmable Slow Cooker with Bake Function Oat Milk	https://amzn.to/49T7T4Z	713RrL7s7BL._AC_SL1500_
Ninja | Air Fryer | 4 QT Capacity | 4-in1 Roast, Crisp, Roast, Reheats, & Dehydrates | Dishwasher Safe Parts | Includes 20 Easy & Healthy Recipes | Compact | Grey | AF101	https://amzn.to/4rFsKyY	71+8uTMDRFL._AC_SL1500_
Lubriderm Value-Size Daily Moisture Lotion + Pro-Ceramide with Shea Butter & Glycerin Moisturizes Dry Skin, Hydrating Face, Hand & Body Lotion is Lightly Scented & Non-Greasy, 32 fl. oz	https://amzn.to/3Mco6bP	61n22IDXVWL._SL1500_
The Ordinary Skin Support Basics Duo - Skin Care Bundle Set For All Skin Types- Hyaluronic Acid 2% + B5 1 Fl Oz, Niacinamide 10% + Zinc 1% 1 Fl Oz	https://amzn.to/49ULCUt	71R30DHRa9L._SX522_
Hanes Mens Ecosmart Hooded Sweatshirt, 5XL, Athletic Purple	https://amzn.to/44IqqNT	51iorsfBmLL._AC_SX679_
Thayers Blemish Clearing Salicylic Acid Toner, Acne Treatment Face Toner with 2% Salicylic Acid, Soothing and Non-Stripping Skin Care, 12 Fl Oz	https://amzn.to/4iF8OYV	61uyndQU1uL._SL1500_
Crocs Kid's Classic Clog	https://amzn.to/3KtBAPS	51-3Ptl+KIL._AC_SY695_
SUNWILL Travel Coffee Tumbler 20 oz, Insulated Mug with Lid, Stainless Steel Cup for Outdoor, Powder Coated Navy	https://amzn.to/48yIUl8	71zOc2syy3L._AC_SL1500_
BSN SYNTHA-6 Whey Protein Powder, Micellar Casein, Milk Protein Isolate Powder, Vanilla Ice Cream, 5 Pounds, 48 Servings (Pack of 1) - Package May Vary	https://amzn.to/4ozTmPe	71inaaehCmL._AC_SL1500_
Cool Coolers by Fit & Fresh 4 Pack Slim Ice Packs, Quick Freeze Space Saving Reusable Ice Packs for Lunch Boxes or Coolers, Green	https://amzn.to/4pkuZX5	814oiiBKuuL._AC_SL1500_
Wireless Lavalier Microphone for iPhone 15 16 & Android with Noise Cancellation, 100ft Transmission, 18H Battery Life, USB Type-C Wireless Lapel Microphone for Video Recording, Vlog, Streaming	https://amzn.to/44w5mKH	71stzXablxL._AC_SL1500_
INIU Wireless Charger, 15W Fast Qi Certified Wireless Charging Station with Sleep-Friendly Adaptive Light Compatible with iPhone 17 16 15 14 13 12 Pro Max Samsung Galaxy S25 S24 S23 Note 20 Google etc	https://amzn.to/3XFyfjA	715JJQbZv7L._AC_SL1246_
Arlo Video Doorbell 2K + Chime 2 (2nd Gen, Latest Release), Wireless or Wired Option, 2-Way Audio, Night Vision, Head to Toe View, Package Detection, Person & Vehicle Recognition, 1-Month Secure Plan	https://amzn.to/48wqIIU	61PA5x0kF4L._AC_SL1500_
European Travel Plug Adapter, GLUGRU 2-Pack 20W Dual Port USB C Wall Charger Type C Fast Charging Block International Power Adapter US to Europe for iPhone 17 16 15 14 13 12 11 Pro Max, iPad, Galaxy	https://amzn.to/48nQFLS	61x9mdjvxvL._AC_SL1500_
Face Moisturizer Retinol Cream, Anti Aging Neck Firming Cream, Collagen Day & Night Face Cream with Hyaluronic Acid for Women & Men, 1.85 Fl Oz	https://amzn.to/4pIIcbO	81N4WeG9hBL._SL1500_
La Roche-Posay Hyalu B5 Pure Hyaluronic Acid Serum for Face, Vitamin B5 + Hyaluronic Acid + Madecassoside, Hydrating Serum Visibly Plumps Skin, Sensitive Skin Safe, Anti Aging, Oil-Free	https://amzn.to/3Kfmiy9	71OyWl-fdOL._SL1500_
Summer's Eve Ultra Daily Active Feminine Spray, 2 oz, 3 Pack	https://amzn.to/3KtGah2	71l6nBpIhNL._AC_SL1500_
Nutricost Magnesium Glycinate Capsules (180 Capsules, 210 mg Per Serving) - Magnesium Glycinate Supplement for Gentle Absorption	https://amzn.to/3Mphu9S	61ZGNlfqi9L._AC_SL1500_
STANLEY Quencher H2.0 FlowState Stainless Steel	https://amzn.to/44L71vF	51OJWXM-yYL._AC_SL1500_
YSSOA Electric Milk Frother Handheld with Stainless Steel Stand Battery Operated Whisk Drink Mixer for Coffee, Frappe, Latte, Matcha, Hot Chocolate, Mini Hand Blender, Black	https://amzn.to/3MI0Ylp	71Cq+ukN-mL._AC_SL1500_
Weed Puller Tool, Stand Up Heavy Duty Weed Remover Tool with Long Handle , Foot Platform Design - 4 Claw Steel Head Weeder Tool, Bamboo Garden Hand Weeding Tool, Smoothly Remove Weeds Without Kneeling	https://amzn.to/44Ofsq4	814TxFrKgVL._AC_SL1500_
Franklin Brass Solid Bar (10-Pack) Cabinet Handles 3-3/4' Hole Center Modern Pulls | Champagne Bronze Hardware Kitchen Door, Drawers, Dressers, Furniture BAR096Z-CZ-B	https://amzn.to/48RHXFL	51Ukouo51ML._AC_SL1500_
ieGeek Security Cameras Wireless Outdoor, 2K Solar WiFi Camera for Home Security System, Battery Powered Surveillance Cam with Solar Panel, 360° PTZ Color Night Vision, Motion Sensor, Works with Alexa	https://amzn.to/3MkegVh	71QOqHTsWqL._AC_SL1500_
CHOKMAX Mouse Jiggler, Undetectable Mouse Mover Wiggler Shaker with Drive Free USB Port Simulate Mouse Automatic Random Movement	https://amzn.to/49ZXR1Y	61qa97sLHKL._AC_SL1500_
Mielle Organics Rosemary Mint Strengthening Hair Oil and Shampoo	https://amzn.to/48B7VMm	61s0t8s5XqL._SL1500_
Nature Made Hair Growth Softgels with Lustriva, Biotin, Vitamin C & A, Support Healthy Hair as You Age, 30 Softgels, 30 Day Supply	https://amzn.to/48SfVKi	71XzwC+JE7L._AC_SL1500_
Neutrogena 7 Days of Skincare Set ($56.00 Value), Daily Skin Care Essentials – Face Wash, Facial Moisturizer, Makeup Remover Wipes, Pimple Patches & More, 7 Full & Travel Size Toiletries	https://amzn.to/4iF4DfT	81es7huMHTL._SL1500_
Neutrogena Hydro Boost Water Gel, 24 Hr Hydration for Normal/Oily Skin, Signature Fragrance, Face Moisturizer with Hyaluronic Acid, Skin Care for Juicy, Deeply Hydrated Skin, 1.7 oz	https://amzn.to/4pkTLWZ	71niUQJ4nqL._SL1500_
NOW Foods Sports Nutrition, Whey Protein Isolate, 25 g With BCAAs, Creamy Chocolate Powder, 1.8-Pound	https://amzn.to/4oC5LlQ	71xrbhOfiML._AC_SL1500_
Square D HEPD80 Universal Whole House Surge Protection Device, 1-Phase, 3-Wire for 120/240V, 80kA	https://amzn.to/3Yeq3H6	5108fdF-PXL._AC_SL1500_
HUION KAMVAS Pro 16 Drawing Tablet with Screen, 15.6 inch Pen Display Anti-Glare Glass 6 Shortcut Keys Adjustable Stand, Graphics Tablet for Drawing, Writing, Design, Work with Windows, Mac and Linux	https://amzn.to/48SEQxn	61rVp0j88xL._AC_SL1500_
Air Purifiers for Home Large Room, Cover Up to 2400 Ft² with True HEPA Filter, Smart Mode, PM2.5 Air Quality Display, 22dB Sleep Mode, Aromatherapy with 2X-Purification & 360°Air Outlet, HAP603, White	https://amzn.to/4rU6Yb8	71xGeMWe+aL._AC_SL1500_
Yankee Candle French Vanilla, Scented Candle, 22oz Large Jar with up to 150 Hour Burn Time, Giftable, Holidays	https://amzn.to/48jhvVw	716weQ2AC+L._AC_SL1500_
Lamicall Cell Phone Stand for Desk - [360° Rotation] Sturdy Adjustable Desktop Phone Holder, Foldable Mobile Stand, Office Desk Accessories for iPhone 17 16 15 14 Pro Max Air, Galaxy S25, Cellphones	https://amzn.to/48Af1kt	617npV5YBwL._AC_SL1500_
Premium Japanese Ceremonial Matcha Green Tea Powder - 1st Harvest HIGHEST Grade - USDA & JAS Organic - From Japan - Perfect for Starbucks Latte, Shake, Smoothies & Baking (3.53oz / 100g)	https://amzn.to/4oG9WNA	91Ds4O2kqpL._SL1500_
OM MUSHROOM SUPERFOOD Instant Coffee – Organic Arabica with Lion’s Mane, Cordyceps, Reishi, Turkey Tail & Ginkgo for Energy, Focus & Clarity – 6.24 oz Canister, 30 Servings	https://amzn.to/48kSFEJ	71win24MO0L._AC_SL1500_
Streamlight 88810 Wedge 1,000-Lumen Max 300-Lumen Standard 1,200-Candela Flat Everyday Carry Flashlight, Includes USB-C Cable and Lanyard, Black	https://amzn.to/4rFKWss	71r5AtEc-QL._AC_SL1500_
Adult Cozy Soft Microfiber Neck Pillow for Travel – Compact, Machine Washable - Perfect for Airplane, Car, or Home Use - Filled and Finished in The USA – Navy	https://amzn.to/44SdKUG	712p8ih5zYL._AC_SL1500_
BLACK+DECKER BD60026 Wine Cellar with LED Display (8-Bottle Capacity)	https://amzn.to/44FG8t8	81oiCNcxXwL._AC_SL1500_
NeoSilent Walking Pad Treadmill Under Desk for Home with BLDC Core and Extra-Large Belt, App and Remote Control, Portable and Compact for Small Space	https://amzn.to/48nuKVf	71Fvogg9qWL._AC_SL1500_
Hill's Science Diet Adult 7+, Senior Adult 7+ Premium Nutrition, Small Kibble, Dry Dog Food, Chicken, Brown Rice, & Barley, 15 lb Bag	https://amzn.to/4pOpZJU	713uvvCtRXL._AC_SL1500_
